feature,accuracy,balanced_accuracy,macro_precision,macro_recall,macro_f1,weighted_f1,mcc,macro_roc_auc_ovr,macro_pr_auc_ovr
qber,0.4979176,0.4979176,0.4136754118620567,0.4979176,0.43148904653715153,0.43148904653715153,0.37390858456134973,,
photon_count,0.5426312,0.5426312,0.5501128519538165,0.5426312,0.5277518994832611,0.5277518994832612,0.4006363691168457,,
latency_ms,0.586028,0.586028,0.587481109207836,0.586028,0.5816728723902519,0.5816728723902519,0.4505033360223534,,
abort_flag,0.4017672,0.4017672,0.2900703150294804,0.4017672,0.2943065504768285,0.2943065504768285,0.32423626790010396,,
