model,test_dataset,accuracy,balanced_accuracy,macro_precision,macro_recall,macro_f1,weighted_f1,mcc,macro_roc_auc_ovr,macro_pr_auc_ovr,predict_seconds
Transparent_Threshold_Baseline,Generator-B,0.5296534,0.5296534,0.5525181034755224,0.5296534,0.5083023823430601,0.5083023823430601,0.38578782659651933,,,0.029532000015024096
Logistic_Regression,Generator-B,0.5844494,0.5844494,0.6042063429432207,0.5844494,0.5645386684847563,0.5645386684847563,0.4579999475210739,0.8546966750213867,0.6707720254303802,0.7670838999911211
Random_Forest,Generator-B,0.5813946,0.5813946,0.6055275535855872,0.5813946,0.5668803269682645,0.5668803269682645,0.4534458909323763,0.8507248617610667,0.6661284893490127,79.4209348000004
XGBoost,Generator-B,0.5810078,0.5810078,0.6048843561464049,0.5810078,0.5665168671049708,0.5665168671049708,0.4528766547778733,0.8503584478025865,0.6646194432895874,48.5144601999782
