,precision,recall,f1-score,support
normal,0.5743851556469067,0.1940512,0.29009592764943176,1250000.0
partial_intercept_resend,0.7254177958138092,0.6379504,0.6788783461833642,1250000.0
detector_blind,0.536134900955471,0.8124584,0.6459876428361748,1250000.0
fiber_tap,0.374134561485903,0.4741536,0.41824761270326954,1250000.0
accuracy,0.5296534,0.5296534,0.5296534,0.5296534
macro avg,0.5525181034755224,0.5296534,0.5083023823430601,5000000.0
weighted avg,0.5525181034755224,0.5296534,0.5083023823430601,5000000.0
