,PC1,PC2
qber,0.16562623894913803,0.8724668038747763
photon_count,-0.5376420300466694,0.40999016700238633
latency_ms,0.5995226229935704,0.23843180481236914
abort_flag,0.5692816710713332,-0.11772855877740585
