component,explained_variance_ratio
PC1,0.588689185475652
PC2,0.29928123004197427
